s1.txt,point y,adabf84c-80ce-46f9-b6f6-0acd67a45320,15
s1.txt,point x,adabf84c-80ce-46f9-b6f6-0acd67a45320,14
s1.txt,gross interest ,90f7f4eb-2c44-4884-96c0-01060c820cfd,33
s1.txt,retail trade,22648690-b61f-49df-afc0-b0ec4aeb4afb,20
s1.txt,rent expenses ,0450c665-af1f-4bbf-b3a3-ce65d4e7a36c,28
s1.txt,contractor sub contractor and commission expenses ,0450c665-af1f-4bbf-b3a3-ce65d4e7a36c,18
s1.txt,grade,997560ee-e636-4869-9347-5f9d6cd806a7,5
s1.txt,year ann e,e9ca54e2-2e01-4edc-9918-ea50070a0abe_5,7
s1.txt,payscale minimum ,b76ce3b9-08ca-4913-8a04-99556570cd7f,5
s1.txt,quantity quantit ,e9ca54e2-2e01-4edc-9918-ea50070a0abe_5,6
s1.txt,trade debtors ,0450c665-af1f-4bbf-b3a3-ce65d4e7a36c,164
s1.txt,inc,56babb9d-5bb4-4946-822b-85c0d5008026,4
s1.txt,lat,4b0eafd4-3462-4047-91f8-94a67910faa7,11
s1.txt,gifts or donations ,dde53f01-b743-43ee-ad7d-3461050d6077,20
s1.txt,time from,04bcf21a-825e-47f9-8b6e-1e51938cbc78,4
s1.txt,year,492b39de-8c97-4bbf-880e-e97d933daa9c,0
s1.txt,time period,5d6d16a2-4ce2-476e-b812-b290bc70286e,0
s1.txt, clients,3278371f-8354-4c8b-b80b-9a06313a3f52,2
s1.txt,lon,b9ff3d44-17b4-4f87-8a28-2d540fa37d8f,1
s1.txt,bng e,1604ba1c-c522-4f97-8a8f-b0b6ab78e60f,6
s1.txt,bng n,1604ba1c-c522-4f97-8a8f-b0b6ab78e60f,7
s1.txt,x,04bcf21a-825e-47f9-8b6e-1e51938cbc78,0
s1.txt,repairs and maintenance ,0450c665-af1f-4bbf-b3a3-ce65d4e7a36c,38
s1.txt,time to,04bcf21a-825e-47f9-8b6e-1e51938cbc78,5
s1.txt,cost of sales ,0450c665-af1f-4bbf-b3a3-ce65d4e7a36c,22
s1.txt,long,4b0eafd4-3462-4047-91f8-94a67910faa7,10
s1.txt,personal superannuation contributions ,90f7f4eb-2c44-4884-96c0-01060c820cfd,113
s1.txt,station altitude,d95286da-1b7c-4c79-adc3-f690ed181aca_2,14
s1.txt,eastitm,8f4ccb1c-669b-4c2f-961b-acc6045bd9b7,8
s1.txt,reportable employer superannuation contributions ,90f7f4eb-2c44-4884-96c0-01060c820cfd,67
s1.txt,payments to associated persons ,0450c665-af1f-4bbf-b3a3-ce65d4e7a36c,170
s1.txt,eastig,8f4ccb1c-669b-4c2f-961b-acc6045bd9b7,10
s1.txt,y,04bcf21a-825e-47f9-8b6e-1e51938cbc78,3
s1.txt,work related travel expenses ,dde53f01-b743-43ee-ad7d-3461050d6077,12
s1.txt,cost centre,6e00492e-6a5a-4d4e-95ec-c5129ea02f95,5
s1.txt,statistics year,f6947b2b-88a9-4fc8-af4d-d0d3a2940fde_3,10
s1.txt,salary cost of reports ,2b519fe2-85ef-4f70-b3a0-efc7db92362d,11
s1.txt,temperature deg c,36347dbd-71e0-4af1-9bcb-80a920818d05_6,3
s1.txt,trade creditors ,0450c665-af1f-4bbf-b3a3-ce65d4e7a36c,166
s1.txt,interest expenses overseas ,b53747d6-25ca-4c5d-991c-f63b2c441f2e,7
s1.txt,quantity,a88838aa-c9e5-412a-ae80-0aa97d3b860b_8,9
s1.txt,motor vehicle expenses ,0450c665-af1f-4bbf-b3a3-ce65d4e7a36c,36
s1.txt,gross rent ,90f7f4eb-2c44-4884-96c0-01060c820cfd,95
s1.txt,foreign source income assessable foreign source income ,90f7f4eb-2c44-4884-96c0-01060c820cfd,89
s1.txt,depreciation expenses ,0450c665-af1f-4bbf-b3a3-ce65d4e7a36c,34
s1.txt,fringe benefit employee contributions ,0450c665-af1f-4bbf-b3a3-ce65d4e7a36c,180
s1.txt,superannuation expenses ,0450c665-af1f-4bbf-b3a3-ce65d4e7a36c,20
s1.txt,help assessment debt ,90f7f4eb-2c44-4884-96c0-01060c820cfd,15
s1.txt,payscale maximum ,b76ce3b9-08ca-4913-8a04-99556570cd7f,6
s1.txt,pm10 teom ug m3,36347dbd-71e0-4af1-9bcb-80a920818d05_6,1
s2.txt,point y,0ca9ebf7-54f4-43a8-a234-64f161291f20,15
s2.txt,point x,0ca9ebf7-54f4-43a8-a234-64f161291f20,14
s2.txt,gross interest ,64595999-b342-48d1-a65a-b743b07a5d20,33
s2.txt,retail trade,33e1d78b-1bfd-4f50-bc2b-5137069975f8,19
s2.txt,rent expenses ,e402bd55-d550-4179-b0a6-cff8c904982f,28
s2.txt,contractor sub contractor and commission expenses ,e402bd55-d550-4179-b0a6-cff8c904982f,18
s2.txt,grade,d27e5ca7-d392-4433-bb83-da583ba33cf3,4
s2.txt,year ann e,e9ca54e2-2e01-4edc-9918-ea50070a0abe_66,7
s2.txt,payscale minimum ,4a0c8d2a-c9b3-430f-a00a-bd0f3d400aae,5
s2.txt,quantity quantit ,e9ca54e2-2e01-4edc-9918-ea50070a0abe_11,6
s2.txt,trade debtors ,e402bd55-d550-4179-b0a6-cff8c904982f,140
s2.txt,inc,e8546a5f-ad7c-46f1-b751-41f89b059c9b,4
s2.txt,lat,5512469c-4a3d-4072-8f57-b09cb8a31d59,4
s2.txt,gifts or donations ,90f7f4eb-2c44-4884-96c0-01060c820cfd,59
s2.txt,time from,91664385-28ff-4492-bfca-738fab05e6b5,4
s2.txt,year,c308bb0a-98a9-4cbb-bd0b-206d338ca06c,13
s2.txt,time period,bc62a627-6e11-4a3d-a5de-6d2efa3ecae3,0
s2.txt, clients,67ae9dfc-4150-4090-b713-b18172de3f48,2
s2.txt,lon,a4c16941-d0be-46a5-9b9a-d2c38d2226a9,6
s2.txt,bng e,fdb40a32-0251-4900-a069-38996a5c9520,6
s2.txt,bng n,fdb40a32-0251-4900-a069-38996a5c9520,7
s2.txt,x,91664385-28ff-4492-bfca-738fab05e6b5,0
s2.txt,repairs and maintenance ,e402bd55-d550-4179-b0a6-cff8c904982f,38
s2.txt,time to,91664385-28ff-4492-bfca-738fab05e6b5,5
s2.txt,cost of sales ,e402bd55-d550-4179-b0a6-cff8c904982f,22
s2.txt,long,5512469c-4a3d-4072-8f57-b09cb8a31d59,3
s2.txt,personal superannuation contributions ,64595999-b342-48d1-a65a-b743b07a5d20,113
s2.txt,station altitude,bdb40712-339f-4c17-8ece-1a01d0094078_2,14
s2.txt,eastitm,ed366025-d85f-4315-83d4-24b2b24d958f,10
s2.txt,reportable employer superannuation contributions ,64595999-b342-48d1-a65a-b743b07a5d20,67
s2.txt,payments to associated persons ,e402bd55-d550-4179-b0a6-cff8c904982f,146
s2.txt,eastig,ed366025-d85f-4315-83d4-24b2b24d958f,12
s2.txt,y,91664385-28ff-4492-bfca-738fab05e6b5,1
s2.txt,work related travel expenses ,90f7f4eb-2c44-4884-96c0-01060c820cfd,45
s2.txt,cost centre,271f961b-f4bc-4d0d-ad6c-5966e2da26b6,5
s2.txt,statistics year,5884c966-ab3e-46cb-9d3a-636ac09fc34b_3,7
s2.txt,salary cost of reports ,a67ae98b-0c3e-40eb-9559-636ecb49797b,11
s2.txt,temperature deg c,bfcf3d83-9318-4b36-81e3-023e9c766bf9_6,3
s2.txt,trade creditors ,e402bd55-d550-4179-b0a6-cff8c904982f,142
s2.txt,interest expenses overseas ,f2d8d238-e39b-4b1d-9af9-e6aae3f06420,7
s2.txt,quantity,ee2a0dd4-52f9-42e1-a998-d11a1392b47c_8,9
s2.txt,motor vehicle expenses ,e402bd55-d550-4179-b0a6-cff8c904982f,36
s2.txt,gross rent ,64595999-b342-48d1-a65a-b743b07a5d20,95
s2.txt,foreign source income assessable foreign source income ,64595999-b342-48d1-a65a-b743b07a5d20,89
s2.txt,depreciation expenses ,e402bd55-d550-4179-b0a6-cff8c904982f,34
s2.txt,fringe benefit employee contributions ,e402bd55-d550-4179-b0a6-cff8c904982f,148
s2.txt,superannuation expenses ,e402bd55-d550-4179-b0a6-cff8c904982f,20
s2.txt,help assessment debt ,64595999-b342-48d1-a65a-b743b07a5d20,15
s2.txt,payscale maximum ,4a0c8d2a-c9b3-430f-a00a-bd0f3d400aae,6
s2.txt,pm10 teom ug m3,bfcf3d83-9318-4b36-81e3-023e9c766bf9_6,1
s3.txt,point y,4264196d-4450-46a6-96b6-c3c1b5a8389e,13
s3.txt,point x,4264196d-4450-46a6-96b6-c3c1b5a8389e,12
s3.txt,gross interest ,d3189e9d-533a-4893-b6a1-758781083418,32
s3.txt,retail trade,df9db300-438f-4ab5-9120-9335ab63fb6e,19
s3.txt,rent expenses ,7cf63464-7052-4443-bdb0-88e9fe8873d4,34
s3.txt,contractor sub contractor and commission expenses ,7cf63464-7052-4443-bdb0-88e9fe8873d4,26
s3.txt,grade,0755b42b-7ba9-4121-b804-39abf2c5ef54,4
s3.txt,year ann e,e9ca54e2-2e01-4edc-9918-ea50070a0abe_11,7
s3.txt,payscale minimum ,ca1f3620-a94e-43e7-9229-4ef02960d8af,5
s3.txt,quantity quantit ,e9ca54e2-2e01-4edc-9918-ea50070a0abe_21,6
s3.txt,trade debtors ,7cf63464-7052-4443-bdb0-88e9fe8873d4,82
s3.txt,inc,146e2e74-3f28-409a-a7c1-fbb3d34f1cc6,4
s3.txt,lat,1604ba1c-c522-4f97-8a8f-b0b6ab78e60f,9
s3.txt,gifts or donations ,64595999-b342-48d1-a65a-b743b07a5d20,59
s3.txt,time from,a17b3de1-d062-485a-9e7f-411acb2a6bd1,5
s3.txt,year,ebcafd83-9514-4f72-a995-fe7ee90cb9da,13
s3.txt,time period,8278c21b-7570-4b3a-ba60-ec5db3a1f5dd,0
s3.txt, clients,65dd49ad-cb7a-4bc1-bc75-25e4e1097b3b,2
s3.txt,lon,41139bf8-6c28-48c2-a423-ca61a3b3da36,1
s3.txt,bng e,fd67c183-1903-4e70-a485-a85f97beb2ef,6
s3.txt,bng n,fd67c183-1903-4e70-a485-a85f97beb2ef,7
s3.txt,x,a17b3de1-d062-485a-9e7f-411acb2a6bd1,3
s3.txt,repairs and maintenance ,7cf63464-7052-4443-bdb0-88e9fe8873d4,42
s3.txt,time to,a17b3de1-d062-485a-9e7f-411acb2a6bd1,6
s3.txt,cost of sales ,7cf63464-7052-4443-bdb0-88e9fe8873d4,24
s3.txt,long,1604ba1c-c522-4f97-8a8f-b0b6ab78e60f,8
s3.txt,personal superannuation contributions ,d3189e9d-533a-4893-b6a1-758781083418,112
s3.txt,station altitude,be0d328a-b3b3-4fb4-a0c9-8d30fe8d824d_2,14
s3.txt,eastitm,c2792534-ff24-48e8-a2ec-d75a1005059f,7
s3.txt,reportable employer superannuation contributions ,d3189e9d-533a-4893-b6a1-758781083418,66
s3.txt,payments to associated persons ,7cf63464-7052-4443-bdb0-88e9fe8873d4,106
s3.txt,eastig,c2792534-ff24-48e8-a2ec-d75a1005059f,9
s3.txt,y,a17b3de1-d062-485a-9e7f-411acb2a6bd1,0
s3.txt,work related travel expenses ,64595999-b342-48d1-a65a-b743b07a5d20,45
s3.txt,cost centre,a3828f1e-0b72-497b-bb86-9c97b1bba26a,5
s3.txt,statistics year,eee11847-7303-4edb-89cf-7a347f978720_3,7
s3.txt,salary cost of reports ,34dbf7dc-5f58-44ad-835f-9e47c38aceb1,11
s3.txt,temperature deg c,fd2e2a5d-9da3-4551-bb36-461d2c0e551f_8,3
s3.txt,trade creditors ,7cf63464-7052-4443-bdb0-88e9fe8873d4,88
s3.txt,interest expenses overseas ,d57b3884-2976-4223-908c-d68a857e0199,144
s3.txt,quantity,526dfce5-53a1-4635-b611-467048e18792_9,9
s3.txt,motor vehicle expenses ,7cf63464-7052-4443-bdb0-88e9fe8873d4,40
s3.txt,gross rent ,d3189e9d-533a-4893-b6a1-758781083418,94
s3.txt,foreign source income assessable foreign source income ,d3189e9d-533a-4893-b6a1-758781083418,88
s3.txt,depreciation expenses ,7cf63464-7052-4443-bdb0-88e9fe8873d4,38
s3.txt,fringe benefit employee contributions ,7cf63464-7052-4443-bdb0-88e9fe8873d4,16
s3.txt,superannuation expenses ,7cf63464-7052-4443-bdb0-88e9fe8873d4,28
s3.txt,help assessment debt ,d3189e9d-533a-4893-b6a1-758781083418,14
s3.txt,payscale maximum ,ca1f3620-a94e-43e7-9229-4ef02960d8af,6
s3.txt,pm10 teom ug m3,fd2e2a5d-9da3-4551-bb36-461d2c0e551f_8,1
s4.txt,point y,0b0d532d-96c0-491d-8e2d-b1c5253cd020,11
s4.txt,point x,0b0d532d-96c0-491d-8e2d-b1c5253cd020,10
s4.txt,gross interest ,6693be7c-f622-4836-88ba-5bcc6f6e4900,34
s4.txt,retail trade,c6f74f18-4416-48b1-91a1-d300d623ebac,75
s4.txt,rent expenses ,d57b3884-2976-4223-908c-d68a857e0199,22
s4.txt,contractor sub contractor and commission expenses ,d57b3884-2976-4223-908c-d68a857e0199,12
s4.txt,grade,834d505e-5c3b-434b-ba65-a4de17b230e6,4
s4.txt,year ann e,2a6b4382-205f-41ad-a154-a31878bc377f_83,7
s4.txt,payscale minimum ,bffadf75-db8e-4c5f-85a0-2e57c5c07793,5
s4.txt,quantity quantit ,e9ca54e2-2e01-4edc-9918-ea50070a0abe_57,6
s4.txt,trade debtors ,d57b3884-2976-4223-908c-d68a857e0199,124
s4.txt,inc,45c3a327-ed6b-4438-9338-b79cf4daa8eb,4
s4.txt,lat,fdb40a32-0251-4900-a069-38996a5c9520,9
s4.txt,gifts or donations ,d3189e9d-533a-4893-b6a1-758781083418,58
s4.txt,time from,700d9f22-b63b-4f33-812d-1a5a5719a441,4
s4.txt,year,4fb33cb0-1ce8-416b-a4a9-a3c2fbf983ee,4
s4.txt,time period,4823e505-1a0a-41ca-8084-63254587225c,0
s4.txt, clients,ee22aaa6-a8fa-4c02-9226-369ee01f5592,2
s4.txt,lon,3eaab807-0a72-495b-a5d0-ea0fa078a78d,7
s4.txt,bng e,7f1d5196-73c5-4c78-8c1b-8635181e5391,6
s4.txt,bng n,7f1d5196-73c5-4c78-8c1b-8635181e5391,7
s4.txt,x,700d9f22-b63b-4f33-812d-1a5a5719a441,1
s4.txt,repairs and maintenance ,d57b3884-2976-4223-908c-d68a857e0199,32
s4.txt,time to,700d9f22-b63b-4f33-812d-1a5a5719a441,5
s4.txt,cost of sales ,b19e2583-3e05-415d-bc34-029359627032,15
s4.txt,long,fdb40a32-0251-4900-a069-38996a5c9520,8
s4.txt,personal superannuation contributions ,6693be7c-f622-4836-88ba-5bcc6f6e4900,114
s4.txt,station altitude,d14ecbfc-dca1-4e82-bd85-876daa1b7748_2,14
s4.txt,eastitm,bb36709e-34b4-479d-9834-706e34d15605,6
s4.txt,reportable employer superannuation contributions ,6693be7c-f622-4836-88ba-5bcc6f6e4900,68
s4.txt,payments to associated persons ,d57b3884-2976-4223-908c-d68a857e0199,130
s4.txt,eastig,bb36709e-34b4-479d-9834-706e34d15605,8
s4.txt,y,700d9f22-b63b-4f33-812d-1a5a5719a441,3
s4.txt,work related travel expenses ,d3189e9d-533a-4893-b6a1-758781083418,44
s4.txt,cost centre,14dcf15b-542f-4246-9b27-77b5ea538da1,5
s4.txt,statistics year,0257c376-efce-42f9-b9bd-281304c7b029_3,7
s4.txt,salary cost of reports ,b5a5671e-2644-4e9f-90dd-bb7db41d3723,11
s4.txt,temperature deg c,829ed5dc-be2b-45c5-869a-5a16457276fa_6,3
s4.txt,trade creditors ,d57b3884-2976-4223-908c-d68a857e0199,126
s4.txt,interest expenses overseas ,1806b49d-6383-48e1-8bda-7cb4c480fd2b,70
s4.txt,quantity,94c617a3-f79f-468f-9f56-fcb37c434e0a_9,9
s4.txt,motor vehicle expenses ,d57b3884-2976-4223-908c-d68a857e0199,30
s4.txt,gross rent ,6693be7c-f622-4836-88ba-5bcc6f6e4900,96
s4.txt,foreign source income assessable foreign source income ,6693be7c-f622-4836-88ba-5bcc6f6e4900,90
s4.txt,depreciation expenses ,d57b3884-2976-4223-908c-d68a857e0199,28
s4.txt,fringe benefit employee contributions ,d57b3884-2976-4223-908c-d68a857e0199,142
s4.txt,superannuation expenses ,d57b3884-2976-4223-908c-d68a857e0199,14
s4.txt,help assessment debt ,6693be7c-f622-4836-88ba-5bcc6f6e4900,16
s4.txt,payscale maximum ,bffadf75-db8e-4c5f-85a0-2e57c5c07793,6
s4.txt,pm10 teom ug m3,829ed5dc-be2b-45c5-869a-5a16457276fa_6,1
s5.txt,point y,377f3e65-9f36-4d7e-b24d-29fa82a04025,5
s5.txt,point x,377f3e65-9f36-4d7e-b24d-29fa82a04025,4
s5.txt,gross interest ,79ba9633-6a8a-437a-b4d8-c0969860343d,35
s5.txt,retail trade,eba6f3a4-7dad-461d-bffd-45467e192161,75
s5.txt,rent expenses ,42a81697-3631-472f-a092-d110ef0f7eef,28
s5.txt,contractor sub contractor and commission expenses ,42a81697-3631-472f-a092-d110ef0f7eef,18
s5.txt,grade,ee413ac2-0b53-47be-9677-6bdbf2acdc2f,4
s5.txt,year ann e,2a6b4382-205f-41ad-a154-a31878bc377f_77,7
s5.txt,payscale minimum ,7bd61912-e458-46e8-8909-c5b3662654c3,5
s5.txt,quantity quantit ,e9ca54e2-2e01-4edc-9918-ea50070a0abe_24,6
s5.txt,trade debtors ,42a81697-3631-472f-a092-d110ef0f7eef,144
s5.txt,inc,80dfe439-8b01-4acc-9004-7c8c4542f152,4
s5.txt,lat,fd67c183-1903-4e70-a485-a85f97beb2ef,9
s5.txt,gifts or donations ,6693be7c-f622-4836-88ba-5bcc6f6e4900,60
s5.txt,time from,9a8db20a-58c4-4f58-b7f9-26094b85275d,4
s5.txt,year,fc24f9fe-7ca5-4e2f-9d05-666c6e4dd437,1
s5.txt,time period,6ee744de-6d64-409f-87f7-094f40c9eb16,0
s5.txt, clients,d0724fd5-1ee0-4eb2-bdbc-75d48d0fa5db,2
s5.txt,lon,d5514f58-020e-48e6-9dab-89eaeae7f611,1
s5.txt,bng e,7526a3d0-153e-4718-b406-f6a9ef11f4d6,3
s5.txt,bng n,7526a3d0-153e-4718-b406-f6a9ef11f4d6,4
s5.txt,x,9a8db20a-58c4-4f58-b7f9-26094b85275d,3
s5.txt,repairs and maintenance ,42a81697-3631-472f-a092-d110ef0f7eef,38
s5.txt,time to,9a8db20a-58c4-4f58-b7f9-26094b85275d,5
s5.txt,cost of sales ,a97f43a3-f1b7-4f86-8328-ace571b457ba,15
s5.txt,long,fd67c183-1903-4e70-a485-a85f97beb2ef,8
s5.txt,personal superannuation contributions ,79ba9633-6a8a-437a-b4d8-c0969860343d,115
s5.txt,station altitude,d419d342-dfc5-4b44-b7ab-c2762e9fe37c_2,14
s5.txt,eastitm,c010ccc2-3b49-4085-bb85-25e425f1383a,8
s5.txt,reportable employer superannuation contributions ,79ba9633-6a8a-437a-b4d8-c0969860343d,69
s5.txt,payments to associated persons ,42a81697-3631-472f-a092-d110ef0f7eef,150
s5.txt,eastig,c010ccc2-3b49-4085-bb85-25e425f1383a,10
s5.txt,y,9a8db20a-58c4-4f58-b7f9-26094b85275d,1
s5.txt,work related travel expenses ,6693be7c-f622-4836-88ba-5bcc6f6e4900,46
s5.txt,cost centre,6a96e36b-74ae-45df-b0cb-1b382348ac75,5
s5.txt,statistics year,fcbb09dc-f2e6-4219-9dc6-c8f7ecffea89_3,7
s5.txt,salary cost of reports ,02647788-7997-4c35-86df-354194db162c,11
s5.txt,temperature deg c,bb5858ec-e72a-40a6-b28b-aa55e81ce814_31,3
s5.txt,trade creditors ,42a81697-3631-472f-a092-d110ef0f7eef,146
s5.txt,interest expenses overseas ,e11fd004-1353-4f8b-8f6e-a909206c5f6c,42
s5.txt,quantity,39ca9c7e-29e8-4032-b764-aa23c9b2363a_9,9
s5.txt,motor vehicle expenses ,42a81697-3631-472f-a092-d110ef0f7eef,36
s5.txt,gross rent ,79ba9633-6a8a-437a-b4d8-c0969860343d,97
s5.txt,foreign source income assessable foreign source income ,79ba9633-6a8a-437a-b4d8-c0969860343d,91
s5.txt,depreciation expenses ,42a81697-3631-472f-a092-d110ef0f7eef,34
s5.txt,fringe benefit employee contributions ,42a81697-3631-472f-a092-d110ef0f7eef,152
s5.txt,superannuation expenses ,42a81697-3631-472f-a092-d110ef0f7eef,20
s5.txt,help assessment debt ,79ba9633-6a8a-437a-b4d8-c0969860343d,17
s5.txt,payscale maximum ,7bd61912-e458-46e8-8909-c5b3662654c3,6
s5.txt,pm10 teom ug m3,bb5858ec-e72a-40a6-b28b-aa55e81ce814_31,1
s6.txt,point y,378e1631-2e95-4a25-87b7-169b60fd6326,6
s6.txt,point x,378e1631-2e95-4a25-87b7-169b60fd6326,5
s6.txt,gross interest ,595d87c1-d2c7-49b9-8a9c-c3b655ffac83,34
s6.txt,retail trade,0ce016ab-3849-4a15-838c-09c15b0683d5,75
s6.txt,rent expenses ,1806b49d-6383-48e1-8bda-7cb4c480fd2b,66
s6.txt,contractor sub contractor and commission expenses ,e11fd004-1353-4f8b-8f6e-a909206c5f6c,30
s6.txt,grade,1b0c77a1-099c-4908-90cb-3c3d0bf43218,4
s6.txt,year ann e,e9ca54e2-2e01-4edc-9918-ea50070a0abe_21,7
s6.txt,payscale minimum ,3224feb0-ccfe-4666-b79a-7d5ca76ec25a,5
s6.txt,quantity quantit ,2a6b4382-205f-41ad-a154-a31878bc377f_29,6
s6.txt,trade debtors ,e11fd004-1353-4f8b-8f6e-a909206c5f6c,90
s6.txt,inc,f0ae2bca-c6d0-4edc-b547-d0ddf8ec54c0,4
s6.txt,lat,7f1d5196-73c5-4c78-8c1b-8635181e5391,9
s6.txt,gifts or donations ,79ba9633-6a8a-437a-b4d8-c0969860343d,61
s6.txt,time from,600449fc-7719-439c-9995-3810bb559797,4
s6.txt,year,6b94d1f3-2167-4803-90a2-35ba421701da,2
s6.txt,time period,05a7cfec-10dc-421f-b685-fb9c7326ef04,0
s6.txt, clients,4b014c29-43af-40a6-991a-df75aa97740f,2
s6.txt,lon,8fa91c6c-5cfb-43b8-8521-45e0a7c24ab2,5
s6.txt,bng e,d2dfc41b-bc17-4a42-b2cc-4af162da21d6,3
s6.txt,bng n,d2dfc41b-bc17-4a42-b2cc-4af162da21d6,4
s6.txt,x,600449fc-7719-439c-9995-3810bb559797,3
s6.txt,repairs and maintenance ,e11fd004-1353-4f8b-8f6e-a909206c5f6c,48
s6.txt,time to,600449fc-7719-439c-9995-3810bb559797,5
s6.txt,cost of sales ,d57b3884-2976-4223-908c-d68a857e0199,16
s6.txt,long,7f1d5196-73c5-4c78-8c1b-8635181e5391,8
s6.txt,personal superannuation contributions ,595d87c1-d2c7-49b9-8a9c-c3b655ffac83,114
s6.txt,station altitude,bbb2db44-da4a-40a6-b14e-7e8d0ce9e30e_2,14
s6.txt,eastitm,b1e82da6-2769-4de2-ae12-18e90c5dee65,8
s6.txt,reportable employer superannuation contributions ,595d87c1-d2c7-49b9-8a9c-c3b655ffac83,68
s6.txt,payments to associated persons ,e11fd004-1353-4f8b-8f6e-a909206c5f6c,114
s6.txt,eastig,b1e82da6-2769-4de2-ae12-18e90c5dee65,10
s6.txt,y,600449fc-7719-439c-9995-3810bb559797,1
s6.txt,work related travel expenses ,79ba9633-6a8a-437a-b4d8-c0969860343d,47
s6.txt,cost centre,807289e3-12a4-4ed8-87b2-e22c227a40b2,5
s6.txt,statistics year,d419d342-dfc5-4b44-b7ab-c2762e9fe37c_3,7
s6.txt,salary cost of reports ,ed4e15e0-0ce0-408c-ac28-847b67d0c57f,11
s6.txt,temperature deg c,c78fc6da-baa4-47cc-b4df-a97f452bbf9a_7,3
s6.txt,trade creditors ,e11fd004-1353-4f8b-8f6e-a909206c5f6c,96
s6.txt,interest expenses overseas ,438f30a6-e820-45db-b2e9-582225f362d4,46
s6.txt,quantity,60019620-60c0-4a30-b01b-d954cc269575_9,9
s6.txt,motor vehicle expenses ,1806b49d-6383-48e1-8bda-7cb4c480fd2b,74
s6.txt,gross rent ,595d87c1-d2c7-49b9-8a9c-c3b655ffac83,96
s6.txt,foreign source income assessable foreign source income ,595d87c1-d2c7-49b9-8a9c-c3b655ffac83,90
s6.txt,depreciation expenses ,1806b49d-6383-48e1-8bda-7cb4c480fd2b,72
s6.txt,fringe benefit employee contributions ,e11fd004-1353-4f8b-8f6e-a909206c5f6c,18
s6.txt,superannuation expenses ,1806b49d-6383-48e1-8bda-7cb4c480fd2b,60
s6.txt,help assessment debt ,595d87c1-d2c7-49b9-8a9c-c3b655ffac83,16
s6.txt,payscale maximum ,3224feb0-ccfe-4666-b79a-7d5ca76ec25a,6
s6.txt,pm10 teom ug m3,c78fc6da-baa4-47cc-b4df-a97f452bbf9a_7,1
s7.txt,point y,789b55f0-bd01-4750-95f4-48b5f37dde90,18
s7.txt,point x,789b55f0-bd01-4750-95f4-48b5f37dde90,17
s7.txt,gross interest ,4342a047-d428-41dd-abc4-080d593b64d2,34
s7.txt,retail trade,73fd21ed-75e5-496c-bc18-23ef573d702b,75
s7.txt,rent expenses ,e11fd004-1353-4f8b-8f6e-a909206c5f6c,38
s7.txt,contractor sub contractor and commission expenses ,438f30a6-e820-45db-b2e9-582225f362d4,32
s7.txt,grade,d20f7ecb-be24-47ac-810f-dc59345ca0f6,4
s7.txt,year ann e,e9ca54e2-2e01-4edc-9918-ea50070a0abe_57,7
s7.txt,payscale minimum ,cff379ae-9153-4f9f-9223-8470866f775a,5
s7.txt,quantity quantit ,e9ca54e2-2e01-4edc-9918-ea50070a0abe_23,6
s7.txt,trade debtors ,438f30a6-e820-45db-b2e9-582225f362d4,106
s7.txt,inc,1911bb23-5447-403a-9314-4c2fce1ff5b8,4
s7.txt,lat,cd7fd5a5-22e9-4ea5-aa96-41e147bc744f,9
s7.txt,gifts or donations ,595d87c1-d2c7-49b9-8a9c-c3b655ffac83,60
s7.txt,time from,056e953d-48e2-4066-9548-63a783cbdae1,4
s7.txt,year,e27354d4-9cc9-4134-a9ed-e7390762f43c,8
s7.txt,time period,14e53578-a10e-4920-a0fc-d86a7772a763,0
s7.txt, clients,afc6dc9a-07af-495d-b882-b6979866992e,2
s7.txt,lon,1e8b32d0-7038-44b8-8f1c-a70504eda408,2
s7.txt,bng e,008ca3e9-caf2-496c-9b9c-f567376bbc8a,4
s7.txt,bng n,008ca3e9-caf2-496c-9b9c-f567376bbc8a,5
s7.txt,x,056e953d-48e2-4066-9548-63a783cbdae1,3
s7.txt,repairs and maintenance ,438f30a6-e820-45db-b2e9-582225f362d4,56
s7.txt,time to,056e953d-48e2-4066-9548-63a783cbdae1,5
s7.txt,cost of sales ,42a81697-3631-472f-a092-d110ef0f7eef,22
s7.txt,long,cd7fd5a5-22e9-4ea5-aa96-41e147bc744f,10
s7.txt,personal superannuation contributions ,4342a047-d428-41dd-abc4-080d593b64d2,114
s7.txt,station altitude,4f86fb78-2b77-49d3-97a3-0148b53a370e_2,14
s7.txt,eastitm,1872a1cc-daca-482b-b3db-160643d30784,7
s7.txt,reportable employer superannuation contributions ,4342a047-d428-41dd-abc4-080d593b64d2,68
s7.txt,payments to associated persons ,438f30a6-e820-45db-b2e9-582225f362d4,130
s7.txt,eastig,1872a1cc-daca-482b-b3db-160643d30784,9
s7.txt,y,056e953d-48e2-4066-9548-63a783cbdae1,0
s7.txt,work related travel expenses ,595d87c1-d2c7-49b9-8a9c-c3b655ffac83,46
s7.txt,cost centre,68d89c61-f37e-42fc-95d2-63c320838808,5
s7.txt,statistics year,aaa5ac5f-2f00-4579-97c9-f189e63526bd_3,7
s7.txt,salary cost of reports ,766dec21-c7cf-408a-90b6-5ea1c062eb45,11
s7.txt,temperature deg c,c78fc6da-baa4-47cc-b4df-a97f452bbf9a_33,3
s7.txt,trade creditors ,438f30a6-e820-45db-b2e9-582225f362d4,112
s7.txt,interest expenses overseas ,9f7cb92e-f39e-4942-9689-0e99cee3306e,42
s7.txt,quantity,d24ed76a-94e4-4997-a804-c305dd1d6e70_9,9
s7.txt,motor vehicle expenses ,e11fd004-1353-4f8b-8f6e-a909206c5f6c,46
s7.txt,gross rent ,4342a047-d428-41dd-abc4-080d593b64d2,96
s7.txt,foreign source income assessable foreign source income ,4342a047-d428-41dd-abc4-080d593b64d2,90
s7.txt,depreciation expenses ,e11fd004-1353-4f8b-8f6e-a909206c5f6c,44
s7.txt,fringe benefit employee contributions ,438f30a6-e820-45db-b2e9-582225f362d4,18
s7.txt,superannuation expenses ,e11fd004-1353-4f8b-8f6e-a909206c5f6c,32
s7.txt,help assessment debt ,4342a047-d428-41dd-abc4-080d593b64d2,16
s7.txt,payscale maximum ,cff379ae-9153-4f9f-9223-8470866f775a,6
s7.txt,pm10 teom ug m3,c78fc6da-baa4-47cc-b4df-a97f452bbf9a_33,1
s8.txt,point y,5edd6e90-0a0a-49c7-a353-8fb0384d4854,11
s8.txt,point x,5edd6e90-0a0a-49c7-a353-8fb0384d4854,10
s8.txt,gross interest ,2bf67717-9ebe-4f5f-b13a-2b28f85ee847,32
s8.txt,retail trade,d721bd3f-139e-40f7-b72d-c32e944a70f1,75
s8.txt,rent expenses ,438f30a6-e820-45db-b2e9-582225f362d4,42
s8.txt,contractor sub contractor and commission expenses ,9f7cb92e-f39e-4942-9689-0e99cee3306e,28
s8.txt,grade,8b1fe469-cba2-4570-89f0-cab9437e5e3c,4
s8.txt,year ann e,e2bb5bde-5426-486e-aa00-5f320315cc1e_90,7
s8.txt,payscale minimum ,8f73b19c-0506-497f-92cc-fb7f15a85682,5
s8.txt,quantity quantit ,2a6b4382-205f-41ad-a154-a31878bc377f_30,6
s8.txt,trade debtors ,9f7cb92e-f39e-4942-9689-0e99cee3306e,98
s8.txt,inc,863bcc6e-b04b-461e-a405-2a173a310991,4
s8.txt,lat,099952df-efc9-4a87-baae-f61ff5349fc0,8
s8.txt,gifts or donations ,4342a047-d428-41dd-abc4-080d593b64d2,60
s8.txt,time from,3caf4020-2475-4071-946a-e9574725aa96,5
s8.txt,year,0e3771a4-4783-4a12-89ac-b48892bb3ba0,4
s8.txt,time period,5572850a-ba32-4da7-b3ad-d40dbe33103c,0
s8.txt, clients,898c579e-f277-4c46-bca6-c2b7952e7c86,2
s8.txt,lon,4fc97e1a-1cca-4daa-bcdc-828cbc0b076f,1
s8.txt,bng e,e7569dd2-2035-49b1-819c-2e1d740763e4,3
s8.txt,bng n,e7569dd2-2035-49b1-819c-2e1d740763e4,4
s8.txt,x,3caf4020-2475-4071-946a-e9574725aa96,2
s8.txt,repairs and maintenance ,9f7cb92e-f39e-4942-9689-0e99cee3306e,48
s8.txt,time to,3caf4020-2475-4071-946a-e9574725aa96,6
s8.txt,cost of sales ,1806b49d-6383-48e1-8bda-7cb4c480fd2b,56
s8.txt,long,099952df-efc9-4a87-baae-f61ff5349fc0,7
s8.txt,personal superannuation contributions ,2bf67717-9ebe-4f5f-b13a-2b28f85ee847,112
s8.txt,station altitude,d1b2755f-9a5f-49d2-a61c-00fd103b449a_2,14
s8.txt,eastitm,23b1c954-5086-4211-8ef1-b7fa0ae44ddd,11
s8.txt,reportable employer superannuation contributions ,2bf67717-9ebe-4f5f-b13a-2b28f85ee847,66
s8.txt,payments to associated persons ,9f7cb92e-f39e-4942-9689-0e99cee3306e,122
s8.txt,eastig,23b1c954-5086-4211-8ef1-b7fa0ae44ddd,13
s8.txt,y,3caf4020-2475-4071-946a-e9574725aa96,0
s8.txt,work related travel expenses ,4342a047-d428-41dd-abc4-080d593b64d2,46
s8.txt,cost centre,e1e9eaa9-ff26-4039-96b4-359d29dc7563,5
s8.txt,statistics year,97c645c1-78f7-4023-a5be-38c68c2415bb_3,10
s8.txt,salary cost of reports ,b10358f1-952b-4fc8-9aa4-2165613e6baa,11
s8.txt,temperature deg c,c78fc6da-baa4-47cc-b4df-a97f452bbf9a_31,3
s8.txt,trade creditors ,9f7cb92e-f39e-4942-9689-0e99cee3306e,104
s8.txt,interest expenses overseas ,ab0836b8-c146-4f1e-a486-bde61bbcf50d,193
s8.txt,quantity,c6d580d4-2b20-4229-8a0b-3e9256a88501_9,9
s8.txt,motor vehicle expenses ,438f30a6-e820-45db-b2e9-582225f362d4,54
s8.txt,gross rent ,2bf67717-9ebe-4f5f-b13a-2b28f85ee847,94
s8.txt,foreign source income assessable foreign source income ,2bf67717-9ebe-4f5f-b13a-2b28f85ee847,88
s8.txt,depreciation expenses ,438f30a6-e820-45db-b2e9-582225f362d4,52
s8.txt,fringe benefit employee contributions ,9f7cb92e-f39e-4942-9689-0e99cee3306e,16
s8.txt,superannuation expenses ,438f30a6-e820-45db-b2e9-582225f362d4,34
s8.txt,help assessment debt ,2bf67717-9ebe-4f5f-b13a-2b28f85ee847,14
s8.txt,payscale maximum ,8f73b19c-0506-497f-92cc-fb7f15a85682,6
s8.txt,pm10 teom ug m3,c78fc6da-baa4-47cc-b4df-a97f452bbf9a_31,1
s9.txt,point y,81808ab9-7d51-45c4-b6da-eb069dbfb32c,10
s9.txt,point x,81808ab9-7d51-45c4-b6da-eb069dbfb32c,9
s9.txt,gross interest ,e34914a7-fb16-4946-b756-42d80560ab6c,32
s9.txt,retail trade,09bfd156-0795-4613-a37a-6fbef7e4e88e,75
s9.txt,rent expenses ,9f7cb92e-f39e-4942-9689-0e99cee3306e,38
s9.txt,contractor sub contractor and commission expenses ,ab0836b8-c146-4f1e-a486-bde61bbcf50d,17
s9.txt,grade,fc1472d5-bbde-4af9-9bec-2704af6fa400,4
s9.txt,year ann e,e9ca54e2-2e01-4edc-9918-ea50070a0abe_93,7
s9.txt,payscale minimum ,5b6e4725-c674-4613-8838-a269e69de028,5
s9.txt,quantity quantit ,2a6b4382-205f-41ad-a154-a31878bc377f_8,6
s9.txt,trade debtors ,ab0836b8-c146-4f1e-a486-bde61bbcf50d,173
s9.txt,inc,be8d11ff-460c-4dd5-afed-f132d77e145e,4
s9.txt,lat,53b6903c-1161-44fb-b65b-0f41c74f54e8,58
s9.txt,gifts or donations ,2bf67717-9ebe-4f5f-b13a-2b28f85ee847,58
s9.txt,time from,33a079cd-fda1-4f51-b39e-5e087d59fdff,4
s9.txt,year,c7edfa08-7bc9-404d-8f2b-22bcd0425021,7
s9.txt,time period,4c6126f1-8499-4923-b6ef-4aed47a1b670,0
s9.txt, clients,46299718-3e13-4547-9529-379543dfa99d,2
s9.txt,lon,86121432-39b3-41bf-9f2c-c5a2a2e3cc6c,1
s9.txt,bng e,cf520b4f-3f36-4e3c-9e39-2a312778b41a,3
s9.txt,bng n,cf520b4f-3f36-4e3c-9e39-2a312778b41a,4
s9.txt,x,33a079cd-fda1-4f51-b39e-5e087d59fdff,2
s9.txt,repairs and maintenance ,f4c5e306-0985-48c3-b232-9ec101502ea6,34
s9.txt,time to,33a079cd-fda1-4f51-b39e-5e087d59fdff,5
s9.txt,cost of sales ,e11fd004-1353-4f8b-8f6e-a909206c5f6c,28
s9.txt,long,53b6903c-1161-44fb-b65b-0f41c74f54e8,59
s9.txt,personal superannuation contributions ,e34914a7-fb16-4946-b756-42d80560ab6c,112
s9.txt,station altitude,80f3b31b-6d58-4c80-aed6-14b35c8a8779_2,14
s9.txt,eastitm,536bc821-5042-48b1-9f81-feaac56488b7,6
s9.txt,reportable employer superannuation contributions ,e34914a7-fb16-4946-b756-42d80560ab6c,66
s9.txt,payments to associated persons ,ab0836b8-c146-4f1e-a486-bde61bbcf50d,179
s9.txt,eastig,536bc821-5042-48b1-9f81-feaac56488b7,8
s9.txt,y,33a079cd-fda1-4f51-b39e-5e087d59fdff,0
s9.txt,work related travel expenses ,2bf67717-9ebe-4f5f-b13a-2b28f85ee847,44
s9.txt,cost centre,c9d3a68a-a9a9-42c3-9a28-2da18b4abc8e,5
s9.txt,statistics year,c6a6d219-159a-4f6e-9b84-512c084bcb41_3,10
s9.txt,salary cost of reports ,fe699866-85d5-421d-afb0-1f5a532bbcc4,11
s9.txt,temperature deg c,b761ac08-a628-42c1-b72b-8593a309625a_31,3
s9.txt,trade creditors ,ab0836b8-c146-4f1e-a486-bde61bbcf50d,175
s9.txt,interest expenses overseas ,cf14fd02-04d5-4133-b659-f46f037ed3a3,153
s9.txt,quantity,6616822c-a8a8-4cdf-a96e-39061fe0bbb5_9,9
s9.txt,motor vehicle expenses ,9f7cb92e-f39e-4942-9689-0e99cee3306e,46
s9.txt,gross rent ,e34914a7-fb16-4946-b756-42d80560ab6c,94
s9.txt,foreign source income assessable foreign source income ,e34914a7-fb16-4946-b756-42d80560ab6c,88
s9.txt,depreciation expenses ,9f7cb92e-f39e-4942-9689-0e99cee3306e,44
s9.txt,fringe benefit employee contributions ,ab0836b8-c146-4f1e-a486-bde61bbcf50d,191
s9.txt,superannuation expenses ,9f7cb92e-f39e-4942-9689-0e99cee3306e,30
s9.txt,help assessment debt ,e34914a7-fb16-4946-b756-42d80560ab6c,14
s9.txt,payscale maximum ,5b6e4725-c674-4613-8838-a269e69de028,6
s9.txt,pm10 teom ug m3,b761ac08-a628-42c1-b72b-8593a309625a_31,1
s10.txt,point y,141d1e3b-bdc8-49f1-bc68-729615a69f4c,17
s10.txt,point x,141d1e3b-bdc8-49f1-bc68-729615a69f4c,16
s10.txt,gross interest ,0450c665-af1f-4bbf-b3a3-ce65d4e7a36c,112
s10.txt,retail trade,eca16998-6637-4739-8665-8ab50252f668,75
s10.txt,rent expenses ,ab0836b8-c146-4f1e-a486-bde61bbcf50d,27
s10.txt,contractor sub contractor and commission expenses ,cf14fd02-04d5-4133-b659-f46f037ed3a3,21
s10.txt,grade,9e013a85-4020-48c9-bd7e-bab484a3b9cb,4
s10.txt,year ann e,e9ca54e2-2e01-4edc-9918-ea50070a0abe_24,7
s10.txt,payscale minimum ,ba41b091-681e-44ac-aad0-d3acdcf15559,5
s10.txt,quantity quantit ,e9ca54e2-2e01-4edc-9918-ea50070a0abe_60,6
s10.txt,trade debtors ,cf14fd02-04d5-4133-b659-f46f037ed3a3,171
s10.txt,inc,f7a3b9c7-137a-4af0-a17e-4e9607104efd,4
s10.txt,lat,b9ff3d44-17b4-4f87-8a28-2d540fa37d8f,0
s10.txt,gifts or donations ,e34914a7-fb16-4946-b756-42d80560ab6c,58
s10.txt,time from,202e3970-b99c-47f3-8df1-bff4771be56f,5
s10.txt,year,d8afcb8e-12e8-4f84-8e7f-6ff0fe61e71f,2
s10.txt,time period,36363dfa-6a8c-41f7-b9d3-296ff3355e88,0
s10.txt, clients,e581c61b-d0bf-4f86-b260-693c19ae1296,2
s10.txt,lon,facf6af2-34b8-4231-880b-24a3c99f1818,0
s10.txt,bng e,3b63aa36-737a-48b4-88ab-b9b783bbafe7,3
s10.txt,bng n,3b63aa36-737a-48b4-88ab-b9b783bbafe7,4
s10.txt,x,202e3970-b99c-47f3-8df1-bff4771be56f,3
s10.txt,repairs and maintenance ,7e6676e5-f543-4645-89f6-858053904ee6,34
s10.txt,time to,202e3970-b99c-47f3-8df1-bff4771be56f,6
s10.txt,cost of sales ,438f30a6-e820-45db-b2e9-582225f362d4,30
s10.txt,long,ae69eede-a77f-4d68-b02f-00d9d13bf7ff,17
s10.txt,personal superannuation contributions ,1806b49d-6383-48e1-8bda-7cb4c480fd2b,36
s10.txt,station altitude,c6a6d219-159a-4f6e-9b84-512c084bcb41_2,13
s10.txt,eastitm,76dc7b0d-55d8-41ac-a54b-24d204d49cb0,6
s10.txt,reportable employer superannuation contributions ,89860b29-e43e-4c35-837b-066d7acc61df,66
s10.txt,payments to associated persons ,cf14fd02-04d5-4133-b659-f46f037ed3a3,177
s10.txt,eastig,76dc7b0d-55d8-41ac-a54b-24d204d49cb0,8
s10.txt,y,202e3970-b99c-47f3-8df1-bff4771be56f,1
s10.txt,work related travel expenses ,e34914a7-fb16-4946-b756-42d80560ab6c,44
s10.txt,cost centre,22a926ca-068f-4e02-9f7f-ff108ea5a64d,5
s10.txt,statistics year,d4db4076-8b52-421a-9e14-0f8a6f89a0d1_3,10
s10.txt,salary cost of reports ,7b16ccb8-4e9b-42fd-8482-a649cdd3d79c,11
s10.txt,temperature deg c,3c3393b3-1577-4639-897b-70c6115bc29d_25,3
s10.txt,trade creditors ,cf14fd02-04d5-4133-b659-f46f037ed3a3,173
s10.txt,interest expenses overseas ,c730f9a0-d54e-46be-8d97-b249d80c981f,179
s10.txt,quantity,ec84ace3-8deb-4f49-8b97-3afc24e4c798,31
s10.txt,motor vehicle expenses ,ab0836b8-c146-4f1e-a486-bde61bbcf50d,35
s10.txt,gross rent ,0450c665-af1f-4bbf-b3a3-ce65d4e7a36c,98
s10.txt,foreign source income assessable foreign source income ,89860b29-e43e-4c35-837b-066d7acc61df,88
s10.txt,depreciation expenses ,ab0836b8-c146-4f1e-a486-bde61bbcf50d,33
s10.txt,fringe benefit employee contributions ,cf14fd02-04d5-4133-b659-f46f037ed3a3,179
s10.txt,superannuation expenses ,ab0836b8-c146-4f1e-a486-bde61bbcf50d,19
s10.txt,help assessment debt ,89860b29-e43e-4c35-837b-066d7acc61df,14
s10.txt,payscale maximum ,ba41b091-681e-44ac-aad0-d3acdcf15559,6
s10.txt,pm10 teom ug m3,3c3393b3-1577-4639-897b-70c6115bc29d_7,1
